VUnetID,Name,Level,Email,CHR,Career,Major,Minors,Registered,Dropped,topHatEmail
baezj,"Baez,Joan",Sophomore,joan.baez@vanderbilt.edu,1,Undergrad,"FREN, MHS/C",,BSCI-1510L-01,,joan.baez@vanderbilt.edu
patelzm,"Patel,Zachary Mark",Freshman,zachary.m.patel@vanderbilt.edu,1,Undergrad,UNDE,,BSCI-1510L-01,,patelzm@vanderbilt.edu
smithjd,"Smith,Jane Doe",Sophomore,jane.d.smith@vanderbilt.edu,1,Undergrad,UNDE,,BSCI-1510L-01,,jane.smith@vanderbilt.edu
kimj27,"Kim,John",Sophomore,ji.kim27@vanderbilt.edu,1,Undergrad,BSCI,,BSCI-1510L-02,,rasta.man.kim@gmail.com
zhangx9,"Zhang,Xi",Freshman,xi.zhang@vanderbilt.edu,1,Undergrad,UNDE,,BSCI-1510L-02,,x.zhang@vanderbilt.edu
